1,test,test test,thumb/553f736466666473667364666364571b_3TuT28t.jpg,,0,1,2018-04-21 07:02:31.046482,2018-04-21 07:02:31.046482,1,1
2,test,test test,thumb/553f736466666473667364666364571b_3TuT28t.jpg,,0,1,2018-04-21 07:02:31.046482,2018-04-21 07:02:31.046482,1,1
3,test,test test,thumb/553f736466666473667364666364571b_3TuT28t.jpg,,0,1,2018-04-21 07:02:31.046482,2018-04-21 07:02:31.046482,1,1
4,test,test test,thumb/553f736466666473667364666364571b_3TuT28t.jpg,,0,1,2018-04-21 07:02:31.046482,2018-04-21 07:02:31.046482,1,1
5,test,test test,thumb/553f736466666473667364666364571b_3TuT28t.jpg,,0,1,2018-04-21 07:02:31.046482,2018-04-21 07:02:31.046482,1,1
6,test,test test,thumb/553f736466666473667364666364571b_3TuT28t.jpg,,0,1,2018-04-21 07:02:31.046482,2018-04-21 07:02:31.046482,1,1
7,test,test test,thumb/553f736466666473667364666364571b_3TuT28t.jpg,,0,1,2018-04-21 07:02:31.046482,2018-04-21 07:02:31.046482,1,1
8,test,test test,thumb/553f736466666473667364666364571b_3TuT28t.jpg,,0,1,2018-04-21 07:02:31.046482,2018-04-21 07:02:31.046482,1,1
9,test,test test,thumb/553f736466666473667364666364571b_3TuT28t.jpg,,0,1,2018-04-21 07:02:31.046482,2018-04-21 07:02:31.046482,1,1
10,test,test test,thumb/553f736466666473667364666364571b_3TuT28t.jpg,,0,1,2018-04-21 07:02:31.046482,2018-04-21 07:02:31.046482,1,1
11,test,test test,thumb/553f736466666473667364666364571b_3TuT28t.jpg,,0,1,2018-04-21 07:02:31.046482,2018-04-21 07:02:31.046482,1,1
12,test,test test,thumb/553f736466666473667364666364571b_3TuT28t.jpg,,0,1,2018-04-21 07:02:31.046482,2018-04-21 07:02:31.046482,1,1
13,test,test test,thumb/553f736466666473667364666364571b_3TuT28t.jpg,,0,1,2018-04-21 07:02:31.046482,2018-04-21 07:02:31.046482,1,1
14,test,test test,thumb/553f736466666473667364666364571b_3TuT28t.jpg,,0,1,2018-04-21 07:02:31.046482,2018-04-21 07:02:31.046482,1,1
15,test,test test,thumb/553f736466666473667364666364571b_3TuT28t.jpg,,0,1,2018-04-21 07:02:31.046482,2018-04-21 07:02:31.046482,1,1
16,test,test test,thumb/553f736466666473667364666364571b_3TuT28t.jpg,,0,1,2018-04-21 07:02:31.046482,2018-04-21 07:02:31.046482,1,1
